Time,RXbytes,RXpackets,TXbytes,TXpackets
Wed Jul 24 11:01:01 EEST 2019,41754760431,70025639,411334696721,305638056
Wed Jul 24 12:01:01 EEST 2019,42018205143,70841734,423513568955,314100193
Wed Jul 24 13:01:01 EEST 2019,42348379229,71899842,435325759018,322500480
Wed Jul 24 14:01:01 EEST 2019,42559520133,72706893,446312593637,330163291
Wed Jul 24 15:01:01 EEST 2019,42710674331,73377098,457200746549,337654593
Wed Jul 24 16:01:01 EEST 2019,42999723349,74379712,469230989073,346129626
Wed Jul 24 17:01:02 EEST 2019,43350570141,75475482,481373750368,354708767
Wed Jul 24 18:01:01 EEST 2019,43559829527,76360673,493308126948,363061579
Wed Jul 24 19:01:01 EEST 2019,43722795362,77082075,504492471038,370778730
Wed Jul 24 20:01:01 EEST 2019,43867238402,77745574,515991432507,378668776
Wed Jul 24 21:01:01 EEST 2019,44199715033,78511038,526093801103,385652330
Wed Jul 24 22:01:01 EEST 2019,44300589929,79084345,537740188142,393594817
Wed Jul 24 23:01:01 EEST 2019,44443866692,79680704,546775947078,399837296
Thu Jul 25 00:01:01 EEST 2019,44567328105,80235429,558864951014,408009497
Thu Jul 25 01:01:01 EEST 2019,44645720482,80685577,569839188752,415377531
Thu Jul 25 02:01:01 EEST 2019,44719559697,81157556,581935335036,423484318
Thu Jul 25 03:01:01 EEST 2019,44789745219,81627261,594061465789,431609171
Thu Jul 25 04:01:01 EEST 2019,44861056325,82065404,606205103516,439746567
Thu Jul 25 05:01:01 EEST 2019,44930909935,82532773,618324615223,447865956
Thu Jul 25 06:01:01 EEST 2019,45000029415,82990428,630415197752,455962618
Thu Jul 25 07:01:01 EEST 2019,45073366591,83451218,642434071375,464014711
Thu Jul 25 08:01:01 EEST 2019,45157646137,83946672,654473041946,472100571
Thu Jul 25 09:01:01 EEST 2019,45911446347,84994220,667162842548,480735379
Thu Jul 25 10:01:01 EEST 2019,46171051323,85686502,679162029209,488895759
Thu Jul 25 11:01:01 EEST 2019,46635852628,86542400,691049968368,497008152
Thu Jul 25 12:01:01 EEST 2019,46826725940,87232363,702987225084,505164936
Thu Jul 25 13:01:01 EEST 2019,47026274790,87966507,714351854080,512950426
Thu Jul 25 14:01:01 EEST 2019,47154798650,88555756,725993587179,520830071
Thu Jul 25 15:01:01 EEST 2019,47259174086,89087885,737723219261,528722221
Thu Jul 25 16:01:01 EEST 2019,47313147947,89505705,749336762777,536482846
Thu Jul 25 17:01:01 EEST 2019,47992914926,90382844,760566851557,544051037
Thu Jul 25 18:01:01 EEST 2019,48060173955,90848164,771456567708,551389874
Thu Jul 25 19:01:01 EEST 2019,48122447114,91309795,782505474692,558837919
Thu Jul 25 20:01:01 EEST 2019,48182372018,91769543,794197523274,566682219
Thu Jul 25 21:01:01 EEST 2019,48238416119,92186959,804645371359,573697382
Thu Jul 25 22:01:01 EEST 2019,48286352960,92559357,814485694090,580289319
Thu Jul 25 23:01:01 EEST 2019,48339638663,92987670,826210941327,588124925
Fri Jul 26 00:01:01 EEST 2019,48395286990,93417442,838119752172,596078212
Fri Jul 26 01:01:01 EEST 2019,48441840445,93811481,849776733733,603846520
Fri Jul 26 02:01:01 EEST 2019,48489001185,94214916,861628480175,611742167
Fri Jul 26 03:01:01 EEST 2019,48536194150,94619140,873537368425,619675864
Fri Jul 26 04:01:01 EEST 2019,48581423977,94992433,884327433519,626871934
Fri Jul 26 05:01:01 EEST 2019,48629010313,95398142,896244339926,634812166
Fri Jul 26 06:01:01 EEST 2019,48676294992,95803096,908171930985,642757348
Fri Jul 26 07:01:01 EEST 2019,48725649648,96203796,920026496550,650657582
Fri Jul 26 08:01:01 EEST 2019,48774786278,96611205,932123506664,658718285
Fri Jul 26 09:01:01 EEST 2019,48899059514,97048939,943805282605,666507749
Fri Jul 26 10:01:01 EEST 2019,48946941390,97448680,955576626568,674352676
Fri Jul 26 11:01:01 EEST 2019,48994847715,97848131,967097078807,682033333
Fri Jul 26 12:01:01 EEST 2019,49147173220,98473739,978886157200,690065459
Fri Jul 26 13:01:01 EEST 2019,49503935353,99443925,990987102298,698525086
Fri Jul 26 14:01:01 EEST 2019,49628842871,100037758,1002062213887,706092294
Fri Jul 26 15:01:01 EEST 2019,49846649224,100730975,1013425516781,713846718
Fri Jul 26 16:01:01 EEST 2019,50053053021,101397789,1024359866106,721314119
Fri Jul 26 17:01:01 EEST 2019,50113464650,101858317,1035853708210,729048779
Fri Jul 26 18:01:01 EEST 2019,50302936026,102522793,1047657431414,737052685
Fri Jul 26 19:01:01 EEST 2019,50370311330,102969836,1059352548779,744890638
Fri Jul 26 20:01:01 EEST 2019,50418068733,103372469,1071108941918,752724202
Fri Jul 26 21:01:01 EEST 2019,50465230750,103773806,1082881136861,760567938
Fri Jul 26 22:01:01 EEST 2019,50511110428,104153644,1093954238023,767948624
Fri Jul 26 23:01:02 EEST 2019,50558167833,104555973,1105779414563,775825092
Sat Jul 27 00:01:01 EEST 2019,50604847186,104949007,1117535233240,783656459
Sat Jul 27 01:01:01 EEST 2019,50651734787,105346120,1129445457074,791589680
Sat Jul 27 02:01:01 EEST 2019,50700870299,105757801,1141401057244,799557308
Sat Jul 27 03:01:01 EEST 2019,50748188894,106161201,1153331287866,807504032
Sat Jul 27 04:01:01 EEST 2019,50795810039,106567979,1165297475870,815475095
Sat Jul 27 05:01:01 EEST 2019,50843077770,106969242,1176984972066,823262751
Sat Jul 27 06:01:01 EEST 2019,50890241186,107367759,1188615156655,831012850
Sat Jul 27 07:01:01 EEST 2019,50936908155,107753321,1200100353931,838667288
Sat Jul 27 08:01:01 EEST 2019,50984378187,108157662,1212054850939,846631338
Sat Jul 27 09:01:01 EEST 2019,51031345086,108556445,1223933172407,854546094
Sat Jul 27 10:01:01 EEST 2019,51080643469,108959955,1235767173455,862433283
Sat Jul 27 11:01:01 EEST 2019,51176506077,109460490,1247803812263,870500117
Sat Jul 27 12:01:01 EEST 2019,51225534102,109869258,1259695854580,878424262
Sat Jul 27 13:01:01 EEST 2019,51272582650,110267418,1271308041893,886161290
Sat Jul 27 14:01:01 EEST 2019,51316907000,110625748,1282034510776,893308459
Sat Jul 27 15:01:01 EEST 2019,51383280327,111013939,1293035050174,900643993
Sat Jul 27 16:01:02 EEST 2019,51431388139,111408477,1304738138964,908435667
Sat Jul 27 17:01:01 EEST 2019,51477744802,111799639,1316386894267,916191124
Sat Jul 27 18:01:01 EEST 2019,51519527211,112124085,1325572618922,922320039
Sat Jul 27 19:01:01 EEST 2019,97295386019,143472310,1344079297242,936970235
Sat Jul 27 20:01:01 EEST 2019,97721632344,146189279,1425515513972,991670729
Sat Jul 27 21:01:01 EEST 2019,98035385885,148219106,1486995533615,1032909433
Sat Jul 27 22:01:01 EEST 2019,140656690732,177376247,1503555721374,1046014380
Sat Jul 27 23:01:01 EEST 2019,182685562669,206092925,1519225957897,1058681225
Sun Jul 28 00:01:01 EEST 2019,182732400599,206464777,1530095830444,1065922175
Sun Jul 28 01:01:01 EEST 2019,182777250604,206838464,1541903337531,1073780507
Sun Jul 28 02:01:01 EEST 2019,182822844011,207225817,1553722321410,1081646278
Sun Jul 28 03:01:01 EEST 2019,182868625255,207614653,1565563339999,1089525832
Sun Jul 28 04:01:01 EEST 2019,182915701261,208012795,1577537165153,1097493481
Sun Jul 28 05:01:01 EEST 2019,182962056356,208403496,1589457592905,1105426334
Sun Jul 28 06:01:01 EEST 2019,183008488464,208798564,1601372283667,1113357966
Sun Jul 28 07:01:01 EEST 2019,183051265689,209135129,1611483980356,1120095772
Sun Jul 28 08:01:01 EEST 2019,183097954558,209524775,1623353421324,1127993985
Sun Jul 28 09:01:01 EEST 2019,183143757713,209914879,1635245848631,1135906782
Sun Jul 28 10:01:01 EEST 2019,183211317510,210324533,1647281595326,1143923336
Sun Jul 28 11:01:01 EEST 2019,183257351825,210711071,1659092842811,1151782525
Sun Jul 28 12:01:01 EEST 2019,183303635103,211106762,1670914418979,1159649111
Sun Jul 28 13:01:01 EEST 2019,183374254046,211580893,1682989029380,1167742294
Sun Jul 28 14:01:01 EEST 2019,183441423492,212066005,1694845728228,1175721781
Sun Jul 28 15:01:01 EEST 2019,183524299857,212538762,1706740234837,1183695729
Sun Jul 28 16:01:02 EEST 2019,183579386486,212986460,1718629928246,1191658642
Sun Jul 28 17:01:01 EEST 2019,183633150879,213417957,1730082424969,1199327767
Sun Jul 28 18:01:01 EEST 2019,183937449414,214041812,1741800989895,1207207111
Sun Jul 28 19:01:01 EEST 2019,183990917699,214471356,1753508922152,1215043899
Sun Jul 28 20:01:01 EEST 2019,184044500008,214900653,1765006713173,1222742449
Sun Jul 28 21:01:01 EEST 2019,184098036471,215329599,1776600886490,1230505131
Sun Jul 28 22:01:01 EEST 2019,184152144081,215768754,1788349063247,1238370155
Sun Jul 28 23:01:01 EEST 2019,230367620239,248489293,1845951267404,1279319036
Mon Jul 29 00:01:01 EEST 2019,272285297862,277986295,1891187486119,1311602114
Mon Jul 29 01:01:01 EEST 2019,345559367193,327838544,1911531782880,1328595962
Mon Jul 29 02:01:01 EEST 2019,345642145047,328279260,1923430360895,1336534476
Mon Jul 29 03:01:01 EEST 2019,345689735685,328680262,1935414491145,1344510887
Mon Jul 29 04:01:01 EEST 2019,345736360819,329078792,1947368527045,1352468466
Mon Jul 29 05:01:01 EEST 2019,345784444510,329471031,1959244241668,1360372619
Mon Jul 29 06:01:01 EEST 2019,345830449752,329846699,1971089573164,1368256277
Mon Jul 29 07:01:01 EEST 2019,345877416300,330234927,1982934791938,1376139360
Mon Jul 29 08:01:01 EEST 2019,345923448971,330629013,1994750313117,1384002151
Mon Jul 29 09:01:01 EEST 2019,345969049095,331015931,2006527603349,1391839247
Mon Jul 29 10:01:01 EEST 2019,346049604373,331463970,2018276171346,1399689769
Mon Jul 29 11:01:01 EEST 2019,346170587396,331994477,2029359620103,1407175256
Mon Jul 29 12:01:01 EEST 2019,346229361181,332381426,2040883360349,1414885306
Mon Jul 29 13:01:01 EEST 2019,346338124897,332856431,2051426004541,1421991920
Mon Jul 29 14:01:01 EEST 2019,346408731803,333309622,2062339858567,1429331446
Mon Jul 29 15:01:01 EEST 2019,346556769072,333868936,2073832150335,1437073917
Mon Jul 29 16:01:01 EEST 2019,346903341159,334586285,2085203323585,1444827010
Mon Jul 29 17:01:01 EEST 2019,347612272376,335558111,2097115027982,1452908102
Mon Jul 29 18:01:02 EEST 2019,347802817968,336217484,2107996662656,1460332188
Mon Jul 29 19:01:01 EEST 2019,347988748768,336904951,2119777414874,1468355268
Mon Jul 29 20:01:01 EEST 2019,348106368807,337466556,2131666581566,1476380467
Mon Jul 29 21:01:01 EEST 2019,348184726805,337951505,2143175183267,1484133034
Mon Jul 29 22:01:01 EEST 2019,348241472880,338392868,2154672829422,1491847265
Mon Jul 29 23:01:01 EEST 2019,348327681523,338769964,2163379023320,1497697182
Tue Jul 30 00:01:01 EEST 2019,348405558501,339191092,2173830364507,1504717169
Tue Jul 30 01:01:01 EEST 2019,348460467785,339583767,2184187731546,1511654872
Tue Jul 30 02:01:01 EEST 2019,348511748903,339982603,2195170209112,1518995073
Tue Jul 30 03:01:01 EEST 2019,348563366383,340390289,2206581731886,1526616154
Tue Jul 30 04:01:01 EEST 2019,348610788700,340735010,2216064967000,1532961072
Tue Jul 30 05:01:01 EEST 2019,348663258395,341155319,2227874623911,1540845636
Tue Jul 30 06:01:01 EEST 2019,348715808997,341568945,2239420889717,1548555875
Tue Jul 30 07:01:01 EEST 2019,348819593573,342382897,2260302777817,1562498284
Tue Jul 30 08:01:01 EEST 2019,348865593540,342770339,2272143819081,1570379550
Tue Jul 30 09:01:01 EEST 2019,348911937747,343157531,2283684245857,1578063287
Tue Jul 30 10:01:01 EEST 2019,359601511041,352068159,2304694595218,1592608420
Tue Jul 30 11:01:01 EEST 2019,359667287372,352505375,2316414787708,1600446536
Tue Jul 30 12:01:01 EEST 2019,359741614138,352970606,2328077204067,1608258893
Tue Jul 30 13:01:01 EEST 2019,359844111620,353491897,2339767435230,1616122725
Tue Jul 30 14:01:01 EEST 2019,360087091150,354360093,2354763027626,1626284626
Tue Jul 30 15:01:01 EEST 2019,360282246390,354987167,2365221203533,1633424802
Tue Jul 30 16:01:01 EEST 2019,360418978970,355563329,2376181699227,1640853391
Tue Jul 30 17:01:01 EEST 2019,360474494678,355966965,2386649593644,1647878175
Tue Jul 30 18:01:01 EEST 2019,360568754474,356498974,2398043004521,1655588452
Tue Jul 30 19:01:01 EEST 2019,360735383858,357098925,2407780839967,1662242279
Tue Jul 30 20:01:01 EEST 2019,360890660160,358033814,2428314022073,1676163709
Tue Jul 30 21:01:01 EEST 2019,360934189933,358379197,2438558576323,1682990603
Tue Jul 30 22:01:01 EEST 2019,361003071039,358813532,2450469212058,1690949578
Tue Jul 30 23:01:01 EEST 2019,361051889848,359177518,2460284210328,1697520575
Wed Jul 31 00:01:01 EEST 2019,361105615307,359599793,2472226098616,1705496428
Wed Jul 31 01:01:01 EEST 2019,361168406889,360034021,2484135347334,1713451521
Wed Jul 31 02:01:01 EEST 2019,361221214829,360454053,2495749401255,1721210925
Wed Jul 31 03:01:01 EEST 2019,361274616326,360885535,2507762885093,1729234213
Wed Jul 31 04:01:01 EEST 2019,361328045701,361316798,2519793984451,1737269377
Wed Jul 31 05:01:01 EEST 2019,361378108498,361698301,2530333232242,1744317750
Wed Jul 31 06:01:01 EEST 2019,361430653813,362117932,2542338853286,1752332737
Wed Jul 31 07:01:01 EEST 2019,361481134300,362499575,2554199262459,1760249080
Wed Jul 31 08:01:01 EEST 2019,361533412541,362915852,2566134627031,1768215934
Wed Jul 31 09:01:01 EEST 2019,361658805171,363437203,2577590569231,1775914474
Wed Jul 31 10:01:01 EEST 2019,361858664442,364122885,2589537076426,1784022832
Wed Jul 31 11:01:01 EEST 2019,362149218107,364911256,2601455575580,1792122598
Wed Jul 31 12:01:01 EEST 2019,362251251552,365403642,2613040239309,1799893733
Wed Jul 31 13:01:01 EEST 2019,362420842354,366000683,2624252435928,1807496090
Wed Jul 31 14:01:01 EEST 2019,364686063236,368123031,2638790239417,1817409725
Wed Jul 31 15:01:02 EEST 2019,365079602063,368936425,2652702764729,1826832684
Wed Jul 31 16:01:01 EEST 2019,365177432563,369456471,2664348074553,1834695563
Wed Jul 31 17:01:01 EEST 2019,365232999028,369887549,2676167981142,1842611389
Wed Jul 31 18:01:01 EEST 2019,365293877204,370353535,2687459624448,1850210510
Wed Jul 31 19:01:01 EEST 2019,365353690375,370769073,2697668111553,1857099353
Wed Jul 31 20:01:01 EEST 2019,365408073170,371193271,2709295942383,1864879381
Wed Jul 31 21:01:01 EEST 2019,365462983027,371617578,2721033973812,1872719426
Wed Jul 31 22:01:01 EEST 2019,365519600426,372025045,2731902534702,1879989799
Wed Jul 31 23:01:01 EEST 2019,365571496848,372430879,2743349802116,1887638566
Thu Aug  1 00:01:01 EEST 2019,365624301027,372834667,2754478285894,1895076450
Thu Aug  1 01:01:01 EEST 2019,365690500767,373282691,2766469862536,1903093982
Thu Aug  1 02:01:01 EEST 2019,365913015078,373819336,2778588727243,1911190795
Thu Aug  1 03:01:01 EEST 2019,365965119931,374229782,2789968251519,1918794517
Thu Aug  1 04:01:01 EEST 2019,366018639144,374661925,2802022253959,1926844269
Thu Aug  1 05:01:01 EEST 2019,366071889692,375091272,2814107658617,1934913615
Thu Aug  1 06:01:02 EEST 2019,366122612957,375481985,2825779323405,1942709382
Thu Aug  1 07:01:01 EEST 2019,366185292094,375906886,2837648037966,1950637531
Thu Aug  1 08:01:01 EEST 2019,366238989046,376337777,2849646063209,1958651117
Thu Aug  1 09:01:01 EEST 2019,366292047817,376764272,2861612902849,1966640804
Thu Aug  1 10:01:01 EEST 2019,366343255122,377164737,2872702928595,1974050016
Thu Aug  1 11:01:01 EEST 2019,366396653023,377571777,2884170452825,1981709276
Thu Aug  1 12:01:01 EEST 2019,366449050399,377985628,2895669403881,1989390245
Thu Aug  1 13:01:01 EEST 2019,366504973667,378401614,2906735635346,1996798594
Thu Aug  1 14:01:01 EEST 2019,366554976307,378780728,2917152804422,2003764706
Thu Aug  1 15:01:01 EEST 2019,366627999969,379218031,2928159267611,2011139766
Thu Aug  1 16:01:01 EEST 2019,367100526602,380376316,2940117466293,2019907956
Thu Aug  1 17:01:01 EEST 2019,367191372232,380882032,2951213020600,2027402416
Thu Aug  1 18:01:01 EEST 2019,367310911414,381451934,2962942808129,2035332666
Thu Aug  1 19:01:01 EEST 2019,367375805525,381891626,2974455856900,2043037774
Thu Aug  1 20:01:01 EEST 2019,368825569519,383858109,2993598503682,2056073342
Thu Aug  1 21:01:01 EEST 2019,371656537546,386398852,3008117115194,2066010995
Thu Aug  1 22:01:01 EEST 2019,371782631917,386884274,3017283157192,2072225228
Thu Aug  1 23:01:01 EEST 2019,371858461760,387342270,3028251823168,2079605196
Fri Aug  2 00:01:01 EEST 2019,371979211709,387844498,3038973533808,2086849176
Fri Aug  2 01:01:01 EEST 2019,372169626063,388432025,3051024830163,2094951856
Fri Aug  2 02:01:01 EEST 2019,372295804972,388971763,3063089143482,2103055593
Fri Aug  2 03:01:01 EEST 2019,372349376414,389393083,3075154877040,2111109341
Fri Aug  2 04:01:01 EEST 2019,372401918509,389813754,3087210160585,2119154755
Fri Aug  2 05:01:01 EEST 2019,372453794146,390223641,3098940693916,2126986147
Fri Aug  2 06:01:01 EEST 2019,372506269517,390643943,3110807444502,2134906567
Fri Aug  2 07:01:01 EEST 2019,372559638125,391070552,3122784448581,2142902379
Fri Aug  2 08:01:01 EEST 2019,372612311721,391492236,3134671316132,2150837300
Fri Aug  2 09:01:01 EEST 2019,372691383937,391970915,3146500569690,2158771957
Fri Aug  2 10:01:01 EEST 2019,372818781624,392548933,3158179221070,2166673757
Fri Aug  2 11:01:01 EEST 2019,372994267250,393222233,3169655036658,2174465192
Fri Aug  2 12:01:01 EEST 2019,374159859982,395065005,3187743004546,2186896962
Fri Aug  2 13:01:01 EEST 2019,374378476578,395720168,3199268523300,2194699099
Fri Aug  2 14:01:01 EEST 2019,374450151473,396165383,3210410012931,2202193553
Fri Aug  2 15:01:01 EEST 2019,374565995434,396664633,3220812367471,2209238403
Fri Aug  2 16:01:01 EEST 2019,374660375606,397202837,3232091317403,2216890262
Fri Aug  2 17:01:01 EEST 2019,374744868153,397689256,3242543531230,2223970758
Fri Aug  2 18:01:01 EEST 2019,374817977320,398166889,3254362958292,2231919555
Fri Aug  2 19:01:01 EEST 2019,374887668005,398584654,3264618917178,2238832308
Fri Aug  2 20:01:01 EEST 2019,375093707773,400243626,3303846428606,2265058134
Fri Aug  2 21:01:01 EEST 2019,375148655530,400689936,3315902314436,2273126096
Fri Aug  2 22:01:01 EEST 2019,375210861855,401106833,3326928143632,2280527090
Fri Aug  2 23:01:01 EEST 2019,375333867542,401617692,3338394522529,2288235352
Sat Aug  3 00:01:01 EEST 2019,375417052178,402081868,3350474627200,2296308152
Sat Aug  3 01:01:01 EEST 2019,375474056685,402490665,3362514968867,2304322840
Sat Aug  3 02:01:01 EEST 2019,375528540474,402898280,3374580674663,2312359876
Sat Aug  3 03:01:01 EEST 2019,375581046917,403317372,3386585251645,2320366814
Sat Aug  3 04:01:01 EEST 2019,375628841292,403726370,3398706448247,2328438747
Sat Aug  3 05:01:01 EEST 2019,375676679369,404134671,3410816495980,2336503476
Sat Aug  3 06:01:01 EEST 2019,375780743376,404612637,3422958460669,2344614269
Sat Aug  3 07:01:01 EEST 2019,375833137370,404978678,3434475606473,2352281580
Sat Aug  3 08:01:01 EEST 2019,375879216048,405366709,3446430168183,2360236117
Sat Aug  3 09:01:01 EEST 2019,375925878997,405763687,3458465537982,2368244302
Sat Aug  3 10:01:01 EEST 2019,375976406874,406190777,3470448084339,2376283702
Sat Aug  3 11:01:01 EEST 2019,376052274540,406600462,3482559458361,2384366668
Sat Aug  3 12:01:01 EEST 2019,376098667368,406991120,3494621225860,2392392694
Sat Aug  3 13:01:01 EEST 2019,376145544054,407390574,3506680725890,2400417682
Sat Aug  3 14:01:01 EEST 2019,376186070254,407694498,3515479386911,2406288707
Sat Aug  3 15:01:01 EEST 2019,376230049555,408052973,3527457877810,2414259266
Sat Aug  3 16:01:01 EEST 2019,376323774257,408491358,3538340734343,2421541494
Sat Aug  3 17:01:01 EEST 2019,376451187218,409005839,3549851058736,2429263803
Sat Aug  3 18:01:02 EEST 2019,376536835772,409405188,3560761703076,2436543793
Sat Aug  3 19:01:01 EEST 2019,376579757248,409746102,3570977823272,2443349873
Sat Aug  3 20:01:01 EEST 2019,376703248476,410143312,3582406797986,2450982410
Sat Aug  3 21:01:01 EEST 2019,376748753475,410523688,3593908983544,2458637809
Sat Aug  3 22:01:01 EEST 2019,376795328251,410919301,3605804127343,2466552452
Sat Aug  3 23:01:01 EEST 2019,376881792244,411339258,3617522259656,2474362707
Sun Aug  4 00:01:01 EEST 2019,376967107313,411742066,3629028562289,2482033535
Sun Aug  4 01:01:01 EEST 2019,377010069887,412076483,3639015446505,2488689126
Sun Aug  4 02:01:01 EEST 2019,377056614605,412474525,3650998132700,2496664346
Sun Aug  4 03:01:01 EEST 2019,377103501258,412876972,3663067109316,2504695892
Sun Aug  4 04:01:01 EEST 2019,377149974908,413273178,3675145553822,2512734499
Sun Aug  4 05:01:01 EEST 2019,377196505901,413671201,3687215674894,2520767794
Sun Aug  4 06:01:01 EEST 2019,377242909099,414067779,3699240773260,2528769831
Sun Aug  4 07:01:01 EEST 2019,377287799680,414433889,3710158820997,2536040625
Sun Aug  4 08:01:01 EEST 2019,377334133940,414829447,3722154120004,2544022526
Sun Aug  4 09:01:01 EEST 2019,377380807866,415229750,3734228410602,2552057893
Sun Aug  4 10:01:01 EEST 2019,377453556293,415621556,3746290398499,2560092657
Sun Aug  4 11:01:01 EEST 2019,384388967957,420685292,3758347641660,2568325245
Sun Aug  4 12:01:01 EEST 2019,384435327051,421081183,3770399416932,2576344926
Sun Aug  4 13:01:01 EEST 2019,384481894376,421479784,3782422884023,2584346568
Sun Aug  4 14:01:01 EEST 2019,384541280552,421889732,3794397425132,2592321552
Sun Aug  4 15:01:01 EEST 2019,384599585301,422300986,3806433982340,2600335428
Sun Aug  4 16:01:01 EEST 2019,384832591130,422812686,3818061576796,2608083253
Sun Aug  4 17:01:01 EEST 2019,384878848522,423204374,3830054348801,2616063887
Sun Aug  4 18:01:01 EEST 2019,384964670089,423662878,3841949468370,2624017214
Sun Aug  4 19:01:01 EEST 2019,385033812389,424111981,3853903353350,2632013163
Sun Aug  4 20:01:02 EEST 2019,385121536819,424600751,3866012280726,2640128175
Sun Aug  4 21:01:01 EEST 2019,385273348814,425188238,3878192281420,2648335372
Sun Aug  4 22:01:01 EEST 2019,385337698968,425606584,3890213607275,2656352543
Sun Aug  4 23:01:01 EEST 2019,385447819119,426065487,3902270611012,2664413740
Mon Aug  5 00:01:01 EEST 2019,385528379318,426754133,3914906949596,2672928457
Mon Aug  5 01:01:01 EEST 2019,385820035197,427771661,3927018884042,2681399748
Mon Aug  5 02:01:01 EEST 2019,386016515146,428389053,3938769257854,2689321669
Mon Aug  5 03:01:01 EEST 2019,386274198344,429177136,3950892684073,2697593326
Mon Aug  5 04:01:01 EEST 2019,386490058557,429887687,3962745323726,2705658982
Mon Aug  5 05:01:01 EEST 2019,386599049373,430384013,3974565116187,2713581158
Mon Aug  5 06:01:01 EEST 2019,386683833194,430807049,3986180079384,2721339955
Mon Aug  5 07:01:01 EEST 2019,386728083282,431154616,3996442284060,2728177359
Mon Aug  5 08:01:01 EEST 2019,386773575929,431533128,4008067622913,2735915325
Mon Aug  5 09:01:01 EEST 2019,386818952390,431912187,4019473526602,2743508625
Mon Aug  5 10:01:01 EEST 2019,413984829952,454001098,4057478255365,2770103610
Mon Aug  5 11:01:01 EEST 2019,414092385513,454466034,4068459202766,2777466122
Mon Aug  5 12:01:01 EEST 2019,414170724345,454901537,4079194034608,2784657857
Mon Aug  5 13:01:01 EEST 2019,414316548638,455444944,4090537849291,2792285215
Mon Aug  5 14:01:01 EEST 2019,414441172485,455938838,4101202102458,2799453405
Mon Aug  5 15:01:01 EEST 2019,414507757169,456338095,4111620926941,2806419092
Mon Aug  5 16:01:01 EEST 2019,414643391240,456796569,4121694215063,2813189238
Mon Aug  5 17:01:01 EEST 2019,414715170983,457185916,4131147414178,2819561508
Mon Aug  5 18:01:01 EEST 2019,414780912591,457635995,4142766926409,2827349339
Mon Aug  5 19:01:01 EEST 2019,414847169233,458107598,4154462490346,2835218907
Mon Aug  5 20:01:01 EEST 2019,414894791687,458478139,4164922292925,2842222617
Mon Aug  5 21:01:01 EEST 2019,414968829336,458934396,4175368239656,2849265388
Mon Aug  5 22:01:01 EEST 2019,415027709602,459353511,4185804416571,2856296791
Mon Aug  5 23:01:01 EEST 2019,415068834095,459698055,4196488320624,2863402156
Tue Aug  6 00:01:01 EEST 2019,415111893061,460044737,4207144330903,2870490942
Tue Aug  6 01:01:01 EEST 2019,415151220841,460361150,4216979533133,2877032558
Tue Aug  6 02:01:01 EEST 2019,415186802492,460628086,4224323757416,2881929220
Tue Aug  6 03:01:01 EEST 2019,415225292410,460938494,4233413051199,2887978329
Tue Aug  6 04:01:01 EEST 2019,415265698032,461278651,4244093043492,2895077985
Tue Aug  6 05:01:01 EEST 2019,415305516419,461610134,4254488883746,2901989144
Tue Aug  6 06:01:01 EEST 2019,415344292593,461926283,4264240080234,2908474357
Tue Aug  6 07:01:01 EEST 2019,415384474140,462258101,4275305342658,2915827163
Tue Aug  6 08:01:01 EEST 2019,415424760067,462597376,4285849300799,2922835423
Tue Aug  6 09:01:01 EEST 2019,415464179505,462923123,4296189839479,2929709677
Tue Aug  6 10:01:01 EEST 2019,415502918298,463239820,4305726943766,2936053023
Tue Aug  6 11:01:01 EEST 2019,415573201532,463634987,4315379349491,2942532303
Tue Aug  6 12:01:01 EEST 2019,415622560902,463983124,4324937466225,2948927272
Tue Aug  6 13:01:01 EEST 2019,415703162186,464438308,4336043886503,2956382769
Tue Aug  6 14:01:01 EEST 2019,415772528177,464834658,4345300321972,2962614042
Tue Aug  6 15:01:01 EEST 2019,415862914014,465303534,4355233171782,2969319600
Tue Aug  6 16:01:01 EEST 2019,415959385206,465714759,4365006449144,2975889614
Tue Aug  6 17:01:01 EEST 2019,416000134824,466042499,4375806507852,2983068702
Tue Aug  6 18:01:01 EEST 2019,416040869638,466375064,4385815214589,2989736717
Tue Aug  6 19:01:01 EEST 2019,416086938968,466728062,4394909306846,2995837621
Tue Aug  6 20:01:01 EEST 2019,416133309159,467095022,4405323541871,3002814071
Tue Aug  6 21:01:01 EEST 2019,416180998027,467471625,4415299875596,3009506088
Tue Aug  6 22:01:01 EEST 2019,416228035876,467854302,4425924456731,3016614761
Tue Aug  6 23:01:01 EEST 2019,416284782061,468205811,4435931125112,3023277153
Wed Aug  7 00:01:01 EEST 2019,416325798799,468556146,4447017446480,3030644278
Wed Aug  7 01:01:01 EEST 2019,416375951742,468892947,4457331828144,3037503930
Wed Aug  7 02:01:01 EEST 2019,416417340823,469249262,4468466238520,3044902861
Wed Aug  7 03:01:01 EEST 2019,416458994191,469608880,4480003583087,3052568098
Wed Aug  7 04:01:01 EEST 2019,416501760432,469978236,4491482862758,3060196577
Wed Aug  7 05:01:01 EEST 2019,416560547553,470373940,4502680438796,3067665702
Wed Aug  7 06:01:01 EEST 2019,416606979213,470758306,4514039348236,3075232096
Wed Aug  7 07:01:01 EEST 2019,416718027466,471120184,4523657376616,3081634384
Wed Aug  7 08:01:01 EEST 2019,416759427148,471475739,4534790664311,3089032414
Wed Aug  7 09:01:02 EEST 2019,416800767007,471828834,4545748127485,3096315467
Wed Aug  7 10:01:01 EEST 2019,416844921938,472180791,4556537067221,3103498140
Wed Aug  7 11:01:01 EEST 2019,416894480255,472549030,4567184429165,3110600675
Wed Aug  7 12:01:01 EEST 2019,416932648810,472855015,4576711231089,3116938976
Wed Aug  7 13:01:01 EEST 2019,417152819910,473451545,4587005955107,3123917663
Wed Aug  7 14:01:01 EEST 2019,417361102928,474132703,4597464034953,3131108694
Wed Aug  7 15:01:01 EEST 2019,423624199662,479647199,4614439472257,3143244147
Wed Aug  7 16:01:01 EEST 2019,425395272193,481434913,4626524995956,3151598540
Wed Aug  7 17:01:02 EEST 2019,437402828774,491410866,4649550604466,3168490743
Wed Aug  7 18:01:01 EEST 2019,441198811508,494841669,4664299436121,3178791545
Wed Aug  7 19:01:01 EEST 2019,442035587544,495868604,4676275140770,3186883016
Wed Aug  7 20:01:02 EEST 2019,442193095199,497004539,4688586891942,3195929162
Wed Aug  7 21:01:01 EEST 2019,442243007392,497419474,4699857941804,3203478795
Wed Aug  7 22:01:01 EEST 2019,442288963476,497775157,4709033859589,3209639219
Wed Aug  7 23:01:01 EEST 2019,442331013729,498137163,4720054847522,3216976371
Thu Aug  8 00:01:01 EEST 2019,442372359698,498484684,4730928503071,3224215572
Thu Aug  8 01:01:01 EEST 2019,442414345764,498836384,4741801758778,3231451820
Thu Aug  8 02:01:01 EEST 2019,442455595245,499184469,4753056819328,3238939837
Thu Aug  8 03:01:01 EEST 2019,442496236305,499523092,4763527627620,3245909526
Thu Aug  8 04:01:01 EEST 2019,442534600769,499826954,4772943248051,3252182232
Thu Aug  8 05:01:01 EEST 2019,442575163958,500164696,4783384534172,3259131182
Thu Aug  8 06:01:01 EEST 2019,442616951577,500521579,4794242348337,3266354801
Thu Aug  8 07:01:01 EEST 2019,442669588649,500879772,4805156024541,3273616428
Thu Aug  8 08:01:01 EEST 2019,442711501432,501238451,4816370516715,3281075186
Thu Aug  8 09:01:01 EEST 2019,442754178767,501607965,4827625789708,3288560763
Thu Aug  8 10:01:01 EEST 2019,442880422935,502105080,4838047502501,3295594522
Thu Aug  8 11:01:01 EEST 2019,443008719177,502663393,4848890346405,3302961172
Thu Aug  8 12:01:01 EEST 2019,443168878142,503198467,4858493369729,3309460510
Thu Aug  8 13:01:01 EEST 2019,444738024435,509107365,4869791410437,3318453638
Thu Aug  8 14:01:01 EEST 2019,446549094296,517540518,4880553102249,3327677339
Thu Aug  8 15:01:01 EEST 2019,446717971573,518098293,4888890592863,3333425052
Thu Aug  8 16:01:01 EEST 2019,447396353655,520715043,4900002051238,3341652312
Thu Aug  8 17:01:01 EEST 2019,449127936947,529121521,4911531422435,3351631943
Thu Aug  8 18:01:01 EEST 2019,451420656090,541128410,4924291107405,3363270803
Thu Aug  8 19:01:01 EEST 2019,454028103536,553088716,4936991296421,3374995544
Thu Aug  8 20:01:01 EEST 2019,454303362846,554330594,4948853168714,3383207286
Thu Aug  8 21:01:01 EEST 2019,454346687305,554690269,4959449942954,3390275277
Thu Aug  8 22:01:01 EEST 2019,454384961568,554936313,4966173575644,3394777735
Thu Aug  8 23:01:01 EEST 2019,454621072696,555906678,4977866550455,3402724096
Fri Aug  9 00:01:01 EEST 2019,456557033820,566097130,4990591036714,3412637675
Fri Aug  9 01:01:01 EEST 2019,456840995598,567740169,5000756829425,3419617973
Fri Aug  9 02:01:01 EEST 2019,456889305050,568094315,5011553446149,3426804475
Fri Aug  9 03:01:01 EEST 2019,456931725934,568454444,5022846403802,3434317403
Fri Aug  9 04:01:01 EEST 2019,456972950885,568796503,5033162498436,3441184997
Fri Aug  9 05:01:01 EEST 2019,457014046623,569137024,5044146111984,3448493679
Fri Aug  9 06:01:01 EEST 2019,457055781815,569483045,5055414659929,3455991756
Fri Aug  9 07:01:01 EEST 2019,457099163501,569851775,5066740801759,3463527182
Fri Aug  9 08:01:01 EEST 2019,457142241458,570221655,5078261159658,3471190351
Fri Aug  9 09:01:01 EEST 2019,457295493593,571156469,5088796796291,3478293010
Fri Aug  9 10:01:01 EEST 2019,458655730644,575527570,5100728098575,3487184024
Fri Aug  9 11:01:01 EEST 2019,462221497754,583718948,5114997230492,3499235942
Fri Aug  9 12:01:01 EEST 2019,464911944220,594486043,5128382260887,3510022560
Fri Aug  9 13:01:01 EEST 2019,466496078910,599326421,5140794142057,3519569339
Fri Aug  9 14:01:01 EEST 2019,466644608718,600089063,5151682708640,3526971589
Fri Aug  9 15:01:01 EEST 2019,472033042959,604059608,5160872259943,3533245140
Fri Aug  9 16:01:01 EEST 2019,472231895578,605033053,5170909964892,3540105803
Fri Aug  9 17:01:01 EEST 2019,472631279113,607059422,5181515162463,3547563469
Fri Aug  9 18:01:01 EEST 2019,473083503068,609322593,5192375582484,3555255356
Fri Aug  9 19:01:01 EEST 2019,473529117578,611397008,5203915876257,3563323705
Fri Aug  9 20:01:01 EEST 2019,474003338899,613800735,5214900863586,3571023222
Fri Aug  9 21:01:01 EEST 2019,474428708518,615972758,5226262141951,3578977851
Fri Aug  9 22:01:01 EEST 2019,474933474089,618478098,5236414155782,3586403241
Fri Aug  9 23:01:01 EEST 2019,475488023826,620732812,5248077210058,3594709634
Sat Aug 10 00:01:01 EEST 2019,476092259749,623348970,5259651882249,3603015255
Sat Aug 10 01:01:01 EEST 2019,476643349962,625606294,5271097133791,3611197884
Sat Aug 10 02:01:01 EEST 2019,476985173014,626494391,5282417412652,3618901983
Sat Aug 10 03:01:01 EEST 2019,477067820215,626915825,5293027787439,3626000049
Sat Aug 10 04:01:01 EEST 2019,477110640036,627285306,5304463172377,3633602280
Sat Aug 10 05:01:01 EEST 2019,477151922871,627631735,5315439031669,3640900775
Sat Aug 10 06:01:01 EEST 2019,477194380301,627996862,5326946371408,3648549864
Sat Aug 10 07:01:01 EEST 2019,477235511747,628333627,5337906221649,3655837694
Sat Aug 10 08:01:01 EEST 2019,477277198181,628686424,5349075570015,3663264130
Sat Aug 10 09:01:01 EEST 2019,477723521792,630874309,5360672462053,3671254827
Sat Aug 10 10:01:01 EEST 2019,479476001629,639251143,5372799804637,3680659462
Sat Aug 10 11:01:01 EEST 2019,481114453979,646943240,5385433820372,3690808483
Sat Aug 10 12:01:01 EEST 2019,482689653169,654286309,5396335018441,3699726586
Sat Aug 10 13:01:01 EEST 2019,483306030147,657258376,5408167702313,3708228874
Sat Aug 10 14:01:01 EEST 2019,483344718168,657565904,5417318120531,3714320990
Sat Aug 10 15:01:01 EEST 2019,483388215251,657939113,5428909086779,3722025201
Sat Aug 10 16:01:01 EEST 2019,483428121319,658262428,5438796427707,3728604772
Sat Aug 10 17:01:01 EEST 2019,483469918456,658617198,5450022978930,3736067044
Sat Aug 10 18:01:01 EEST 2019,483507523750,658907297,5458833757075,3741936917
Sat Aug 10 19:01:01 EEST 2019,483545912337,659211158,5468155657589,3748141589
Sat Aug 10 20:01:01 EEST 2019,483588016872,659569939,5479397375838,3755615514
Sat Aug 10 21:01:01 EEST 2019,483872004062,661103599,5490476809192,3763221278
Sat Aug 10 22:01:01 EEST 2019,483942319275,661529395,5502063232170,3770972041
Sat Aug 10 23:01:01 EEST 2019,484025940746,661937194,5513939885596,3778877791
Sun Aug 11 00:01:01 EEST 2019,484066105854,662268249,5524740201568,3786059101
Sun Aug 11 01:01:01 EEST 2019,484107848473,662615584,5535675816227,3793329042
Sun Aug 11 02:01:01 EEST 2019,484148026907,662946372,5545958054262,3800167576
Sun Aug 11 03:01:01 EEST 2019,484188971735,663289140,5556498570730,3807176088
Sun Aug 11 04:01:01 EEST 2019,484230155469,663632358,5567094837615,3814222754
Sun Aug 11 05:01:01 EEST 2019,484271242670,663976277,5577753823741,3821311361
Sun Aug 11 06:01:01 EEST 2019,484312967334,664330474,5588643389190,3828551217
Sun Aug 11 07:01:01 EEST 2019,484353463487,664659446,5598550609652,3835141990
Sun Aug 11 08:01:01 EEST 2019,484395378108,665014989,5609577994876,3842473383
Sun Aug 11 09:01:01 EEST 2019,484443060688,665413814,5621012237171,3850101884
Sun Aug 11 10:01:01 EEST 2019,484495170189,665826854,5632007559280,3857480278
Sun Aug 11 11:01:01 EEST 2019,484554679762,666285632,5643303017128,3865074107
Sun Aug 11 12:01:01 EEST 2019,484601347737,666678782,5654781829352,3872728113
Sun Aug 11 13:01:01 EEST 2019,484647820160,667062475,5666067614647,3880257019
Sun Aug 11 14:01:01 EEST 2019,484722412028,667569257,5675571039939,3886753135
Sun Aug 11 15:01:01 EEST 2019,484790277232,668070878,5686460622605,3894134545
Sun Aug 11 16:01:01 EEST 2019,484829242121,668382035,5696780723327,3901006705
Sun Aug 11 17:01:01 EEST 2019,484869651759,668715745,5707135706528,3907902621
Sun Aug 11 18:01:01 EEST 2019,484911991145,669073714,5718298833139,3915332085
Sun Aug 11 19:01:01 EEST 2019,484952934765,669415227,5729490186456,3922774038
Sun Aug 11 20:01:01 EEST 2019,484993404583,669748829,5740849478791,3930331192
Sun Aug 11 21:01:01 EEST 2019,485036556897,670124330,5752340528159,3937973041
Sun Aug 11 22:01:01 EEST 2019,485090785634,670526468,5763898661130,3945677490
Sun Aug 11 23:01:01 EEST 2019,485213060880,670986222,5774819282124,3952997909
Mon Aug 12 00:01:01 EEST 2019,485268114469,671365175,5785552723328,3960167385
Mon Aug 12 01:01:01 EEST 2019,485373521633,671843489,5796348110753,3967431774
Mon Aug 12 02:01:01 EEST 2019,485433582654,672209288,5806905579983,3974483840
Mon Aug 12 03:01:01 EEST 2019,485521093475,672634964,5817624432818,3981658865
Mon Aug 12 04:01:01 EEST 2019,485564404555,673012586,5829532269423,3989580025
Mon Aug 12 05:01:02 EEST 2019,485607746751,673391156,5841267247744,3997386298
Mon Aug 12 06:01:01 EEST 2019,485646995556,673708159,5851401145464,4004135175
Mon Aug 12 07:01:01 EEST 2019,485689983738,674076377,5862786109754,4011710089
Mon Aug 12 08:01:01 EEST 2019,485733002765,674450294,5874560686834,4019542289
Mon Aug 12 09:01:01 EEST 2019,485776285567,674805750,5885569681351,4026869874
Mon Aug 12 10:01:01 EEST 2019,485821209940,675180188,5897038202364,4034498609
Mon Aug 12 11:01:01 EEST 2019,485862324786,675524910,5907630489677,4041547214
Mon Aug 12 12:01:01 EEST 2019,485901318404,675837970,5917167499593,4047900677
Mon Aug 12 13:01:01 EEST 2019,487783967886,678409678,5931782378065,4058510618
Mon Aug 12 14:01:01 EEST 2019,488428568204,679850381,5942450132419,4066012547
Mon Aug 12 15:01:01 EEST 2019,488662450603,681036969,5954674201714,4074413774
Mon Aug 12 16:01:01 EEST 2019,489127440661,682874105,5968667725920,4084191148
Mon Aug 12 17:01:01 EEST 2019,489452516830,684237663,5980632106353,4092465586
Mon Aug 12 18:01:01 EEST 2019,489562949189,685345636,5993376833426,4100967988
Mon Aug 12 19:01:01 EEST 2019,489643900301,686288462,6005079025073,4108816791
Mon Aug 12 20:01:01 EEST 2019,489711684389,686893056,6015791420570,4116006342
Mon Aug 12 21:01:02 EEST 2019,489794558698,687320022,6026334240805,4123079670
Mon Aug 12 22:01:01 EEST 2019,489854893492,687716141,6035839901897,4129475596
Mon Aug 12 23:01:01 EEST 2019,489920074406,688112600,6045348731888,4135862416
Tue Aug 13 00:01:02 EEST 2019,490036687863,688671020,6056592586596,4143464449
Tue Aug 13 01:01:01 EEST 2019,490106929599,689059781,6066440010657,4150056588
Tue Aug 13 02:01:01 EEST 2019,490150096748,689431617,6077640700146,4157510897
Tue Aug 13 03:01:01 EEST 2019,490192877311,689797176,6088846043956,4164969040
Tue Aug 13 04:01:01 EEST 2019,490233640495,690124509,6098901199533,4171667518
Tue Aug 13 05:01:01 EEST 2019,490275299647,690473166,6109471939781,4178706481
Tue Aug 13 06:01:01 EEST 2019,490317693855,690833331,6120498061042,4186045816
Tue Aug 13 07:01:01 EEST 2019,490359245840,691174533,6130664058667,4192817086
Tue Aug 13 08:01:01 EEST 2019,490402234960,691543244,6141860914346,4200269505
Tue Aug 13 09:01:01 EEST 2019,490444207965,691896862,6152495414822,4207349996
Tue Aug 13 10:01:01 EEST 2019,490483807769,692212855,6162337879312,4213907443
Tue Aug 13 11:01:01 EEST 2019,490524261960,692543785,6172054140270,4220380319
Tue Aug 13 12:01:01 EEST 2019,490582770319,692665010,6172113542547,4220503943
Tue Aug 13 13:01:01 EEST 2019,490630199977,692773977,6172153461602,4220618868
Tue Aug 13 14:01:01 EEST 2019,490690717306,693010519,6172722829069,4221074358
Tue Aug 13 15:01:01 EEST 2019,490764322837,693505166,6174237323558,4222193223
Tue Aug 13 16:01:01 EEST 2019,490807827610,693642063,6174309995500,4222360155
Tue Aug 13 17:01:01 EEST 2019,490887045485,693964505,6175028042964,4222965996
Tue Aug 13 18:01:01 EEST 2019,490959897317,694531312,6176816399077,4224280021
Tue Aug 13 19:01:01 EEST 2019,491010771971,694741213,6177272406669,4224671033
Tue Aug 13 20:01:01 EEST 2019,491084274914,695096234,6177997954672,4225313149
Tue Aug 13 21:01:01 EEST 2019,491166003578,695368874,6178288730403,4225653546
Tue Aug 13 22:01:01 EEST 2019,491195829599,695475933,6178324425989,4225779657
Tue Aug 13 23:01:01 EEST 2019,491241976583,695596654,6178366426011,4225910383
Wed Aug 14 00:01:01 EEST 2019,491261270762,695652801,6178382464987,4225973917
Wed Aug 14 01:01:01 EEST 2019,491290339484,695716877,6178397533742,4226039239
Wed Aug 14 02:01:01 EEST 2019,491310453559,695773585,6178412491458,4226101775
Wed Aug 14 03:01:01 EEST 2019,491328699388,695828456,6178427156979,4226163611
Wed Aug 14 04:01:01 EEST 2019,491356839177,695890127,6178441971325,4226226556
Wed Aug 14 05:01:01 EEST 2019,491375346653,695945968,6178457446497,4226290596
Wed Aug 14 06:01:01 EEST 2019,491393663983,696001598,6178472419192,4226354384
Wed Aug 14 07:01:01 EEST 2019,491412475851,696057708,6178487509879,4226418756
Wed Aug 14 08:01:01 EEST 2019,491430917757,696113938,6178502649973,4226483266
Wed Aug 14 09:01:01 EEST 2019,491449902677,696178801,6178549219899,4226569780
Wed Aug 14 10:01:01 EEST 2019,491486537610,696277864,6178581765006,4226673577
Wed Aug 14 11:01:01 EEST 2019,491557945423,696589373,6179143201864,4227208055
Wed Aug 14 12:01:01 EEST 2019,491615871465,696858416,6179789468360,4227726747
Wed Aug 14 13:01:01 EEST 2019,491635701341,696925078,6179806309039,4227807275
Wed Aug 14 14:01:01 EEST 2019,491665879339,697022997,6179833127779,4227920975
Wed Aug 14 15:01:01 EEST 2019,491729423463,697471866,6181131776769,4228903396
Wed Aug 14 16:01:01 EEST 2019,491794812238,698086860,6183290122291,4230420610
Wed Aug 14 17:01:01 EEST 2019,491884219797,699290914,6187895430787,4233567504
Wed Aug 14 18:01:01 EEST 2019,491917145756,699567052,6188753777994,4234215816
Wed Aug 14 19:01:01 EEST 2019,491957375905,699677105,6188843838507,4234356929
Wed Aug 14 20:01:01 EEST 2019,491975201265,699726948,6188858800760,4234418200
Wed Aug 14 21:01:01 EEST 2019,492000058571,699807180,6188917531417,4234523849
Wed Aug 14 22:01:01 EEST 2019,492020021243,699869149,6188934173702,4234595311
Wed Aug 14 23:01:01 EEST 2019,492067668127,699995283,6188977902325,4234729887
Thu Aug 15 00:01:01 EEST 2019,492096870136,700093222,6189004052394,4234846996
Thu Aug 15 01:01:01 EEST 2019,492126234611,700165583,6189048169233,4234943633
Thu Aug 15 02:01:01 EEST 2019,492145443526,700230627,6189083274490,4235035008
Thu Aug 15 03:01:01 EEST 2019,492262066712,700356354,6189108778721,4235121601
Thu Aug 15 04:01:01 EEST 2019,492281309909,700417581,6189133999699,4235204264
Thu Aug 15 05:01:01 EEST 2019,492300033784,700477983,6189159132418,4235285024
Thu Aug 15 06:01:01 EEST 2019,492317895614,700530861,6189183292554,4235359021
Thu Aug 15 07:01:01 EEST 2019,492336308109,700586631,6189216980542,4235441098
Thu Aug 15 08:01:01 EEST 2019,492354226246,700641504,6189250609914,4235522433
Thu Aug 15 09:01:01 EEST 2019,492371978787,700693038,6189274438980,4235591752
Thu Aug 15 10:01:01 EEST 2019,492412107294,700810647,6189356544205,4235732971
Thu Aug 15 11:01:01 EEST 2019,492708416731,701157238,6189655869541,4236076018
Thu Aug 15 12:01:01 EEST 2019,492800101812,701331173,6189751694891,4236243883
Thu Aug 15 13:01:01 EEST 2019,492844606499,701468957,6189928379008,4236446622
Thu Aug 15 14:01:01 EEST 2019,493127147142,702489645,6193362585888,4238822356
Thu Aug 15 15:01:01 EEST 2019,493380349066,703083423,6195021654960,4240029912
Thu Aug 15 16:01:01 EEST 2019,494192074768,704110454,6196986880564,4241562237
Thu Aug 15 17:01:01 EEST 2019,494427733763,704550108,6197553150581,4242140593
Thu Aug 15 18:01:01 EEST 2019,494517788880,705120042,6199443766012,4243480408
Thu Aug 15 19:01:01 EEST 2019,494599562909,705522682,6200704617043,4244396220
Thu Aug 15 20:01:01 EEST 2019,494636185970,705882021,6201946854753,4245278971
Thu Aug 15 21:01:01 EEST 2019,494781164645,706401955,6203143819185,4246244510
Thu Aug 15 22:01:01 EEST 2019,494848987063,706568276,6203206807456,4246413103
Thu Aug 15 23:01:01 EEST 2019,494921633270,706760544,6203274522493,4246612959
Fri Aug 16 00:01:01 EEST 2019,495040245296,707058971,6203385696542,4246909987
Fri Aug 16 01:01:01 EEST 2019,495120150304,707267486,6203449070919,4247124395
Fri Aug 16 02:01:01 EEST 2019,495187343746,707441755,6203511693494,4247313052
Fri Aug 16 03:01:01 EEST 2019,495257022194,707601369,6203577464237,4247490652
Fri Aug 16 04:01:01 EEST 2019,495275335758,707652701,6203592279745,4247559356
Fri Aug 16 05:01:01 EEST 2019,495293032726,707703405,6203607063016,4247628440
Fri Aug 16 06:01:01 EEST 2019,495310754912,707754261,6203621788246,4247696524
Fri Aug 16 07:01:01 EEST 2019,495328906058,707805517,6203636516093,4247765031
Fri Aug 16 08:01:01 EEST 2019,495346632671,707856564,6203651269299,4247834235
Fri Aug 16 09:01:01 EEST 2019,495368017620,707970250,6203923133382,4248070914
Fri Aug 16 10:01:01 EEST 2019,495391598725,708112615,6204296158432,4248374433
Fri Aug 16 11:01:02 EEST 2019,495481580268,708532672,6205464873350,4249249716
Fri Aug 16 12:01:01 EEST 2019,497745508686,710585308,6209084654885,4251873036
Fri Aug 16 13:01:01 EEST 2019,497794961285,710714278,6209187502311,4252035122
Fri Aug 16 14:01:02 EEST 2019,497874680511,710919489,6209418686433,4252308745
Fri Aug 16 15:01:01 EEST 2019,497942725960,711563224,6211578213157,4253860010
Fri Aug 16 16:01:01 EEST 2019,497966878083,711663628,6211726844612,4254023785
Fri Aug 16 17:01:01 EEST 2019,497997436363,711789288,6211942417314,4254238830
Fri Aug 16 18:01:01 EEST 2019,498065204775,711961976,6212005469541,4254420669
Fri Aug 16 19:01:01 EEST 2019,498124322664,712168523,6212059661773,4254643329
Fri Aug 16 20:01:01 EEST 2019,498253061297,712455228,6212180628967,4254905258
Fri Aug 16 21:01:01 EEST 2019,498388752120,712756974,6212307741105,4255162682
Fri Aug 16 22:01:01 EEST 2019,498545670702,713069057,6212456261798,4255403803
Fri Aug 16 23:01:01 EEST 2019,498644417383,713290005,6212548416525,4255596636
Sat Aug 17 00:01:01 EEST 2019,498685119788,713391069,6212585526792,4255704460
Sat Aug 17 01:01:01 EEST 2019,498714678819,713459384,6212602439613,4255787143
Sat Aug 17 02:01:01 EEST 2019,498741828481,713535987,6212626952889,4255880661
Sat Aug 17 03:01:01 EEST 2019,498795549057,713664173,6212676804566,4256016821
Sat Aug 17 04:01:01 EEST 2019,498832703201,713757447,6212710372395,4256122123
Sat Aug 17 05:01:01 EEST 2019,498864996323,713839265,6212739713416,4256218108
Sat Aug 17 06:01:01 EEST 2019,498883074904,713892361,6212755376597,4256290835
Sat Aug 17 07:01:01 EEST 2019,499031794501,714031691,6212771251727,4256367031
Sat Aug 17 08:01:01 EEST 2019,499049874259,714084939,6212786765287,4256438517
Sat Aug 17 09:01:01 EEST 2019,499067885737,714137246,6212802108527,4256506906
Sat Aug 17 10:01:01 EEST 2019,499085710023,714187345,6212816734008,4256566326
Sat Aug 17 11:01:01 EEST 2019,499128823497,714282452,6212855749598,4256658819
Sat Aug 17 12:01:01 EEST 2019,499198553244,714429635,6212920270044,4256794769
Sat Aug 17 13:01:01 EEST 2019,499248149463,714537922,6212965728680,4256900296
Sat Aug 17 14:01:01 EEST 2019,499346006488,714742683,6213140440200,4257128653
Sat Aug 17 15:01:01 EEST 2019,499562461036,714990458,6213650213155,4257560904
Sat Aug 17 16:01:01 EEST 2019,499637495669,715644062,6215976053295,4259182023
Sat Aug 17 17:01:01 EEST 2019,499662698494,715771112,6216220219240,4259423192
Sat Aug 17 18:01:01 EEST 2019,499703109550,715881036,6216257769044,4259544888
Sat Aug 17 19:01:01 EEST 2019,499734703652,715978628,6216286601979,4259655505
Sat Aug 17 20:01:01 EEST 2019,499774670561,716089753,6216323437513,4259775553
Sat Aug 17 21:01:01 EEST 2019,499812187650,716200508,6216357443670,4259896858
Sat Aug 17 22:01:01 EEST 2019,499866510766,716331719,6216408014735,4260035783
Sat Aug 17 23:01:01 EEST 2019,499904525888,716449933,6216442265342,4260163212
Sun Aug 18 00:01:01 EEST 2019,499965980298,716607661,6216498841792,4260322170
Sun Aug 18 01:01:01 EEST 2019,500025410815,716751278,6216553469541,4260465605
Sun Aug 18 02:01:01 EEST 2019,500102453155,716937214,6216624749098,4260645568
Sun Aug 18 03:01:02 EEST 2019,500121074761,716994059,6216640417399,4260711559
Sun Aug 18 04:01:01 EEST 2019,500140129502,717050698,6216655949414,4260776914
Sun Aug 18 05:01:01 EEST 2019,500219586329,717216480,6216729907783,4260928466
Sun Aug 18 06:01:01 EEST 2019,500323954105,717453981,6216828699130,4261144588
Sun Aug 18 07:01:01 EEST 2019,500363036074,717545646,6216863674104,4261236913
Sun Aug 18 08:01:01 EEST 2019,500380774087,717595180,6216878130797,4261294806
Sun Aug 18 09:01:01 EEST 2019,500398486386,717644107,6216892563659,4261352395
Sun Aug 18 10:01:01 EEST 2019,500416813750,717696638,6216907983854,4261414373
Sun Aug 18 11:01:02 EEST 2019,500447220053,717878267,6217280164622,4261765061
Sun Aug 18 12:01:01 EEST 2019,500471875952,717970952,6217306253145,4261885618
Sun Aug 18 13:01:01 EEST 2019,500535346062,718162439,6217389923299,4262113669
Sun Aug 18 14:01:02 EEST 2019,500608107919,718296591,6217468329230,4262267288
Sun Aug 18 15:01:01 EEST 2019,500625895999,718347019,6217484147877,4262328761
Sun Aug 18 16:01:01 EEST 2019,500643614555,718396970,6217499829207,4262387831
Sun Aug 18 17:01:01 EEST 2019,500687403630,718517746,6217540880121,4262514136
Sun Aug 18 18:01:01 EEST 2019,500713549691,718581974,6217558273991,4262586767
Sun Aug 18 19:01:01 EEST 2019,500731291751,718631774,6217573891522,4262646146
Sun Aug 18 20:01:01 EEST 2019,500748978101,718681248,6217589565400,4262706385
Sun Aug 18 21:01:01 EEST 2019,500812506933,718786976,6217670573995,4262824880
Sun Aug 18 22:01:01 EEST 2019,500847881714,718929577,6217705323030,4262979051
Sun Aug 18 23:01:01 EEST 2019,500877853432,719074184,6217735711592,4263137966
Mon Aug 19 00:01:01 EEST 2019,500911683641,719159336,6217767087360,4263228169
Mon Aug 19 01:01:01 EEST 2019,500961817267,719286044,6217814334076,4263361957
Mon Aug 19 02:01:01 EEST 2019,501060904926,719517460,6217908996902,4263595795
Mon Aug 19 03:01:01 EEST 2019,501133387831,719692839,6217977866566,4263777535
Mon Aug 19 04:01:01 EEST 2019,501151745108,719743286,6217993695194,4263838052
Mon Aug 19 05:01:01 EEST 2019,501169549695,719793161,6218009442850,4263897647
Mon Aug 19 06:01:01 EEST 2019,501187389733,719843208,6218025286551,4263957852
Mon Aug 19 07:01:01 EEST 2019,501205634811,719893516,6218041262583,4264018707
Mon Aug 19 08:01:01 EEST 2019,501223312089,719942842,6218056859551,4264077492
Mon Aug 19 09:01:01 EEST 2019,501240986440,719991475,6218072281457,4264135525
Mon Aug 19 10:01:02 EEST 2019,501465646692,720221832,6218294048180,4264372043
Mon Aug 19 11:01:01 EEST 2019,501493573488,720305327,6218319654397,4264465690
Mon Aug 19 12:01:01 EEST 2019,501554651809,720437308,6218377306435,4264593618
Mon Aug 19 13:01:01 EEST 2019,501581486978,720505559,6218399071797,4264674100
Mon Aug 19 14:01:01 EEST 2019,501814714092,720796443,6218631027445,4264945205
Mon Aug 19 15:01:01 EEST 2019,502258342439,721434384,6219058661530,4265398093
Mon Aug 19 16:01:01 EEST 2019,502338653210,721557064,6219137585498,4265542991
Mon Aug 19 17:01:01 EEST 2019,502356905560,721610507,6219154392516,4265610032
Mon Aug 19 18:01:01 EEST 2019,502377549132,721665479,6219171182734,4265675076
Mon Aug 19 19:01:01 EEST 2019,502417900775,721762517,6219208632438,4265776127
Mon Aug 19 20:01:01 EEST 2019,502438168456,721826721,6219229256883,4265854273
Mon Aug 19 21:01:01 EEST 2019,502456969517,721880481,6219246020917,4265918963
Mon Aug 19 22:01:01 EEST 2019,502475195819,721933669,6219262540692,4265984055
Mon Aug 19 23:01:01 EEST 2019,502532356473,722029523,6219318248299,4266098201
Tue Aug 20 00:01:01 EEST 2019,502659183413,722196141,6219443249965,4266282339
Tue Aug 20 01:01:01 EEST 2019,502808688843,722375768,6219590709181,4266478302
Tue Aug 20 02:01:01 EEST 2019,502912039764,722511693,6219692150570,4266630604
Tue Aug 20 03:01:01 EEST 2019,502961774698,722594334,6219740227821,4266730232
Tue Aug 20 04:01:01 EEST 2019,502979826891,722646923,6219756688501,4266799267
Tue Aug 20 05:01:01 EEST 2019,503004849106,722715907,6219779938952,4266881782
Tue Aug 20 06:01:01 EEST 2019,503079579675,722895910,6219851144338,4267072985
Tue Aug 20 07:01:01 EEST 2019,503155123101,723100078,6219922966354,4267297157
Tue Aug 20 08:01:01 EEST 2019,503214323720,723285421,6219979832183,4267508290
Tue Aug 20 09:01:01 EEST 2019,503793554864,723817245,6220046459246,4267743876
Tue Aug 20 10:01:01 EEST 2019,503817239528,723874575,6220070396057,4267818083
Tue Aug 20 11:01:01 EEST 2019,503835754655,723931682,6220271874939,4268004895
Tue Aug 20 12:01:01 EEST 2019,504296876283,724512412,6220598148276,4268423596
Tue Aug 20 13:01:01 EEST 2019,504506165011,724819175,6220803904381,4268712131
Tue Aug 20 14:01:01 EEST 2019,504591746438,724979662,6220885038906,4268854645
Tue Aug 20 15:01:01 EEST 2019,504793633858,725346426,6221075807350,4269147964
Tue Aug 20 16:01:01 EEST 2019,504939541400,725620141,6221215734731,4269386655
Tue Aug 20 17:01:01 EEST 2019,505000971985,725788247,6221273868921,4269564082
Tue Aug 20 18:01:01 EEST 2019,505082545817,725962043,6221352457091,4269761257
Tue Aug 20 19:01:01 EEST 2019,505167865084,726216301,6221434077465,4270021948
Tue Aug 20 20:01:01 EEST 2019,505228559265,726378167,6221491833022,4270184127
Tue Aug 20 21:01:01 EEST 2019,505288964659,726499978,6221534602233,4270303267
Tue Aug 20 22:01:01 EEST 2019,505337446048,726624425,6221580741414,4270437205
Tue Aug 20 23:01:01 EEST 2019,505374924027,726743221,6221617140369,4270569064
Wed Aug 21 00:01:01 EEST 2019,505500016455,727010773,6221736951404,4270814137
Wed Aug 21 01:01:01 EEST 2019,505600162315,727231870,6221832750418,4271027352
Wed Aug 21 02:01:01 EEST 2019,505682343408,727404092,6221911107747,4271197086
Wed Aug 21 03:01:01 EEST 2019,505712531152,727484533,6221939340290,4271290835
Wed Aug 21 04:01:01 EEST 2019,505783695667,727613620,6222008801032,4271420449
Wed Aug 21 05:01:01 EEST 2019,505802131582,727666033,6222024946332,4271487239
Wed Aug 21 06:01:01 EEST 2019,505820029144,727718415,6222041028193,4271554898
Wed Aug 21 07:01:01 EEST 2019,508457924912,729658546,6224549108135,4273410584
Wed Aug 21 08:01:01 EEST 2019,512726569935,732746103,6231391203847,4278342310
Wed Aug 21 09:01:01 EEST 2019,512772769575,732892178,6231794688670,4278734655
Wed Aug 21 10:01:01 EEST 2019,512820172858,733024373,6231839252622,4278882424
Wed Aug 21 11:01:01 EEST 2019,512859729996,733162385,6231875802106,4279044309
Wed Aug 21 12:01:01 EEST 2019,512894016710,733252501,6231901724722,4279148652
Wed Aug 21 13:01:01 EEST 2019,512951310592,733403410,6231953765851,4279305709
Wed Aug 21 14:01:01 EEST 2019,513005726248,733564885,6231996566755,4279478200
Wed Aug 21 15:01:01 EEST 2019,513076520514,733717671,6232032614197,4279626402
Wed Aug 21 16:01:01 EEST 2019,513163738909,733874933,6232121304937,4279804799
Wed Aug 21 17:01:01 EEST 2019,513202428379,733990938,6232198812618,4279961501
Wed Aug 21 18:01:01 EEST 2019,513258534818,734158196,6232248977412,4280139676
Wed Aug 21 19:01:01 EEST 2019,513313610017,734319941,6232293415068,4280311970
Wed Aug 21 20:01:01 EEST 2019,513338416330,734402441,6232378650978,4280442009
Wed Aug 21 21:01:01 EEST 2019,513357294480,734461564,6232395719484,4280510970
Wed Aug 21 22:01:01 EEST 2019,513378715597,734526641,6232415188620,4280585014
Wed Aug 21 23:01:01 EEST 2019,513406917894,734630437,6232441491969,4280704129
Thu Aug 22 00:01:01 EEST 2019,513511805048,734806110,6232544162229,4280894208
Thu Aug 22 01:01:01 EEST 2019,513627384264,734965696,6232657365057,4281063609
Thu Aug 22 02:01:01 EEST 2019,513646134369,735024000,6232674259648,4281131527
Thu Aug 22 03:01:01 EEST 2019,513664849145,735081964,6232691105521,4281199132
Thu Aug 22 04:01:01 EEST 2019,513683672580,735140064,6232707718309,4281266139
Thu Aug 22 05:01:01 EEST 2019,513702985026,735198462,6232724327986,4281332978
Thu Aug 22 06:01:01 EEST 2019,513721680067,735256041,6232741122595,4281399974
Thu Aug 22 07:01:01 EEST 2019,513740873603,735313862,6232757884000,4281466508
Thu Aug 22 08:01:01 EEST 2019,513986579306,735598807,6233711960151,4282214799
Thu Aug 22 09:01:01 EEST 2019,514037001273,735708189,6233809915250,4282363593
Thu Aug 22 10:01:01 EEST 2019,514065459148,735792617,6233895973830,4282494990
Thu Aug 22 11:01:01 EEST 2019,514097947108,735864917,6233925629833,4282575722
Thu Aug 22 12:01:01 EEST 2019,514149514476,736001033,6233973864507,4282720048
Thu Aug 22 13:01:01 EEST 2019,514175317506,736081201,6233997592703,4282811686
Thu Aug 22 14:01:01 EEST 2019,516461914667,737843098,6236288073716,4284597620
Thu Aug 22 15:01:01 EEST 2019,516975613030,738345066,6236796914173,4285123194
Thu Aug 22 16:01:01 EEST 2019,517006704168,738447772,6236822383448,4285247260
Thu Aug 22 17:01:01 EEST 2019,517058643359,738606218,6236870877968,4285423787
Thu Aug 22 18:01:01 EEST 2019,517115327878,738798457,6236924124496,4285639660
Thu Aug 22 19:01:02 EEST 2019,517166896663,738956217,6236977264928,4285819981
Thu Aug 22 20:01:01 EEST 2019,517219701961,739151418,6237026902250,4286038812
Thu Aug 22 21:01:01 EEST 2019,517245074917,739243390,6237050798779,4286156160
Thu Aug 22 22:01:02 EEST 2019,517279202447,739336240,6237078150318,4286269800
Thu Aug 22 23:01:01 EEST 2019,517309781686,739436969,6237106664965,4286392801
Fri Aug 23 00:01:01 EEST 2019,517334996924,739522081,6237130249903,4286500544
Fri Aug 23 01:01:01 EEST 2019,517368467135,739607684,6237151229823,4286603297
Fri Aug 23 02:01:01 EEST 2019,517386696642,739664596,6237168048789,4286680404
Fri Aug 23 03:01:01 EEST 2019,517407420698,739733811,6237186661402,4286768841
Fri Aug 23 04:01:01 EEST 2019,517433037886,739832017,6237209882875,4286883094
Fri Aug 23 05:01:01 EEST 2019,517460602387,739939115,6237234231728,4287004597
Fri Aug 23 06:01:01 EEST 2019,517480992491,740004434,6237252310260,4287085520
Fri Aug 23 07:01:01 EEST 2019,517498840281,740053265,6237268113459,4287150239
Fri Aug 23 08:01:01 EEST 2019,517516095200,740101083,6237283245849,4287214307
Fri Aug 23 09:01:01 EEST 2019,517533326044,740148883,6237298306166,4287277219
Fri Aug 23 10:01:01 EEST 2019,517649639569,740295664,6237375970576,4287421201
Fri Aug 23 11:01:01 EEST 2019,517754941009,740531287,6237511924202,4287681447
Fri Aug 23 12:01:01 EEST 2019,517798394024,740639992,6237555207750,4287796631
Fri Aug 23 13:01:01 EEST 2019,517816484214,740695385,6237574826247,4287863133
Fri Aug 23 14:01:01 EEST 2019,517879425075,740863214,6237633555515,4288037900
